{
    "influencesPerVertex":2,
    "normals":[-1.47372e-14,-1,4.30478e-08,2.31585e-14,1,-4.30478e-08,1,2.38418e-07,1.85437e-07,-4.37101e-07,-1.19209e-06,1,-1,-7.15256e-07,-1.32455e-07,0,0,0,7.52683e-13,-1,-1.81457e-06,2.02174e-08,0.999854,-0.017068,-1.0606e-12,1,1.81457e-06,0.639609,1.05719e-06,-0.7687,-0.639609,7.35439e-07,-0.7687,0.662364,1.47035e-06,-0.749183,-0.662362,8.34836e-07,-0.749184,5.27357e-07,-0.670391,-0.742008],
    "vertices":[3,-0.5,-4.5,3,-0.5,4.5,-3,-0.5,4.5,-3,-0.5,-4.5,3,0.5,-4.5,3,0.5,4.5,-3,0.5,4.5,-3,0.5,-4.5,3,-0.5,-4.5,-3,-0.5,-4.5,3,0.5,-4.5,-3,0.5,-4.5,1.00639,-0.499997,-6.15881,-1.00639,-0.499997,-6.15881,1.00639,0.500003,-6.15881,-1.00639,0.500003,-6.15881,1.47521e-06,0.484814,-7.04857],
    "metadata":{
        "generator":"io_three",
        "normals":14,
        "type":"Geometry",
        "vertices":17,
        "uvs":1,
        "colors":0,
        "faces":17,
        "version":3,
        "materials":1
    },
    "uvs":[[5.96046e-08,0.667958,0,0.334624,0.333333,0.334624,0.333333,0.667958,0.989673,0.343244,0.989672,0.656756,0.676565,0.656756,0.676565,0.343244,0.666667,0.333333,0.333333,0.333333,0.333333,0,0.666667,1.98682e-08,0.333333,0.666667,0.333333,0.333333,0.666667,0.333333,0.666667,0.666667,1,0.333333,0.666667,0.333333,0.666667,8.94069e-08,1,0,0,0,0.489298,0.666667,0.489298,1,0.42786,0.889244,0.42786,0.777423,0.777065,0.774872,0.777065,0.876292,0.746981,0.825582,0.832716,0.674418,0.832716,0.976747,0.333333,0.00137442,0.333333,0.334624,0.222577,0.33325,0.222577,0,1.29143e-07,0.334624,0,0.00137452,0.110756,0,0.110756,0.33325,0.166667,0.00432493]],
    "skinWeights":[],
    "colors":[],
    "skinIndices":[],
    "faces":[43,0,1,2,3,0,0,1,2,3,0,0,0,0,43,4,7,6,5,0,4,5,6,7,1,1,1,1,43,0,4,5,1,0,8,9,10,11,2,2,2,2,43,1,5,6,2,0,12,13,14,15,3,3,3,3,43,2,6,7,3,0,16,17,18,19,4,4,4,4,43,0,3,9,8,0,20,20,20,20,5,5,5,5,43,8,9,13,12,0,21,22,23,24,6,6,6,6,43,4,0,8,10,0,20,20,20,20,5,5,5,5,43,7,4,10,11,0,20,20,20,20,5,5,5,5,43,3,7,11,9,0,20,20,20,20,5,5,5,5,42,15,14,16,0,25,26,27,7,7,7,43,11,10,14,15,0,28,29,26,25,8,8,8,8,43,10,8,12,14,0,30,31,32,33,9,9,9,9,43,9,11,15,13,0,34,35,36,37,10,10,10,10,42,14,12,16,0,33,32,38,11,11,11,42,13,15,16,0,37,36,38,12,12,12,42,12,13,16,0,32,37,38,13,13,13],
    "materials":[{
        "vertexColors":false,
        "depthTest":true,
        "shading":"phong",
        "opacity":1,
        "colorDiffuse":[0.64,0.64,0.64],
        "DbgIndex":0,
        "visible":true,
        "DbgName":"Material",
        "wireframe":false,
        "depthWrite":true,
        "colorSpecular":[0.5,0.5,0.5],
        "blending":1,
        "specularCoef":50,
        "doubleSided":false,
        "transparent":false,
        "colorEmissive":[0,0,0],
        "DbgColor":15658734
    }]
}