{
    "influencesPerVertex":2,
    "normals":[-1.89478e-14,-1,3.97364e-08,0,1,0,1,3.57627e-08,9.43741e-08,-7.74861e-07,-2.38419e-07,1,-1,-1.07288e-07,-7.45058e-08,7.15256e-07,4.76837e-07,-1,-0.628587,0.777739,-4.37111e-08,-0,0,-1,0.628587,0.777739,-4.37111e-08,-0,0,1,0,-1,3.97364e-08,0,1,-7.94729e-08],
    "vertices":[2,-2.38419e-07,-6,2,2.38419e-07,6,-2,2.38419e-07,6,-2,-2.38419e-07,-6,2,5,-5.99999,2,5,6,-2,5,6,-2,5,-6,-2.5,5,6,-0.0254352,7,6,-2.5,5,-6,-0.0254352,7,-6,2.5,5,6,0.0254352,7,6,2.5,5,-6,0.0254352,7,-6],
    "metadata":{
        "generator":"io_three",
        "normals":12,
        "type":"Geometry",
        "vertices":16,
        "uvs":1,
        "colors":0,
        "faces":12,
        "version":3,
        "materials":1
    },
    "uvs":[[0.677562,0.329163,0.985166,0.329163,0.985166,0.574071,0.677562,0.574071,0.32036,0.326512,0.32036,0.57142,0.0127554,0.57142,0.0127553,0.326512,0.650702,0.529019,0.343098,0.529019,0.343098,0.284111,0.650702,0.284111,0.0230917,0.274787,0.0230916,0.0298791,0.330696,0.029879,0.330696,0.274787,0.651367,0.274787,0.343763,0.274787,0.343763,0.0298791,0.651367,0.029879,0.665538,0.0267556,0.973142,0.0267556,0.973142,0.271663,0.665538,0.271664,0.0198433,0.770805,0.0198432,0.602306,0.339948,0.602306,0.339948,0.770805,0.339948,0.98334,0.0198432,0.9086,0.0198432,0.907064,0.339948,0.832324,0.339948,0.770123,0.339948,0.601625,0.660052,0.601625,0.660052,0.770123,0.660052,0.982658,0.339948,0.907919,0.339948,0.906382,0.660052,0.831643,0.99123,0.75264,0.671126,0.75264,0.671126,0.601625,0.99123,0.601625,0.339948,0.601625,0.0198432,0.601625]],
    "skinWeights":[],
    "colors":[],
    "skinIndices":[],
    "faces":[43,0,1,2,3,0,0,1,2,3,0,0,0,0,43,4,7,6,5,0,4,5,6,7,1,1,1,1,43,0,4,5,1,0,8,9,10,11,2,2,2,2,43,1,5,6,2,0,12,13,14,15,3,3,3,3,43,2,6,7,3,0,16,17,18,19,4,4,4,4,43,4,0,3,7,0,20,21,22,23,5,5,5,5,43,8,9,11,10,0,24,25,26,27,6,6,6,6,43,10,11,15,14,0,28,29,30,31,7,7,7,7,43,14,15,13,12,0,32,33,34,35,8,8,8,8,43,12,13,9,8,0,36,37,38,39,9,9,9,9,43,10,14,12,8,0,40,41,42,43,10,10,10,10,43,15,11,9,13,0,44,26,25,45,11,11,11,11],
    "materials":[{
        "vertexColors":false,
        "depthTest":true,
        "shading":"phong",
        "opacity":1,
        "colorDiffuse":[0.64,0.64,0.64],
        "DbgIndex":0,
        "visible":true,
        "DbgName":"Material.001",
        "wireframe":false,
        "depthWrite":true,
        "colorSpecular":[0.5,0.5,0.5],
        "blending":1,
        "specularCoef":50,
        "doubleSided":false,
        "transparent":false,
        "colorEmissive":[0,0,0],
        "DbgColor":15658734
    }]
}