{
    "vertices":[-1,-1,1,-1,1,1,-1,-1,-1,-1,1,-1,1,-1,1,1,1,1,1,-1,-1,1,1,-1],
    "faces":[43,0,1,3,2,0,0,1,2,3,0,0,0,0,43,2,3,7,6,0,4,5,6,7,1,1,1,1,43,6,7,5,4,0,8,9,10,11,2,2,2,2,43,1,0,4,5,0,14,15,12,13,3,3,3,3,43,4,0,2,6,0,18,19,16,17,4,4,4,4,43,7,3,1,5,0,20,21,22,23,5,5,5,5],
    "uvs":[[0.666667,0.666667,0.333333,0.666667,0.333333,0.333333,0.666667,0.333333,0.333333,0.666667,0,0.666667,0,0.333333,0.333333,0.333333,0.333333,0.333333,0,0.333333,0,0,0.333333,0,0.333333,0.333333,0.333333,0,0.666667,0,0.666667,0.333333,1,0.333333,0.666667,0.333333,0.666667,0,1,0,0.333333,0.666667,0.333333,1,0,1,0,0.666667]],
    "colors":[],
    "normals":[-1,0,-0,0,-1,0,1,0,-0,0,1,-0,0,0,1,0,-0,-1],
    "skinWeights":[],
    "skinIndices":[],
    "name":"CubeGeometry.9",
    "influencesPerVertex":2,
    "metadata":{
        "type":"Geometry",
        "generator":"io_three",
        "version":3,
        "vertices":8,
        "normals":6,
        "colors":0,
        "materials":1,
        "uvs":1,
        "faces":6
    },
    "materials":[{
        "colorEmissive":[0,0,0],
        "shading":"phong",
        "opacity":1,
        "transparent":false,
        "visible":true,
        "wireframe":false,
        "blending":"NormalBlending",
        "depthTest":true,
        "depthWrite":true,
        "DbgName":"Material",
        "DbgColor":15658734,
        "DbgIndex":0,
        "vertexColors":false,
        "colorDiffuse":[0.64,0.64,0.64],
        "specularCoef":50,
        "colorSpecular":[0.5,0.5,0.5]
    }]
}