{
    "influencesPerVertex":2,
    "normals":[-5.68435e-13,-1,4.28408e-08,1.27898e-12,1,-4.09782e-08,1,0,0,-2.26498e-05,-4.17233e-06,1,-1,0,0,1.90735e-05,8.34465e-06,-1,-0,0,-1,-0,0,1,0,-1,5.58793e-08,0,1,-5.58793e-08,0,-1,3.72529e-08,0,1,-3.72529e-08],
    "vertices":[3.05,-1.71363e-07,-4,3.05,1.71363e-07,4,2.95,1.71363e-07,4,2.95,-1.71363e-07,-4,3.05,0.2,-4,3.05,0.2,4,2.95,0.2,4,2.95,0.2,-4,-3,1.19209e-07,2.7,-3,0.1,2.7,-3,9.68575e-08,2.3,-3,0.1,2.3,3,1.19209e-07,2.7,3,0.1,2.7,3,9.68575e-08,2.3,3,0.1,2.3,-3,-9.68575e-08,-2.3,-3,0.0999999,-2.3,-3,-1.19209e-07,-2.7,-3,0.0999999,-2.7,3,-9.68575e-08,-2.3,3,0.0999999,-2.3,3,-1.19209e-07,-2.7,3,0.0999999,-2.7,-3,7.45058e-09,0.2,-3,0.1,0.2,-3,-7.45058e-09,-0.2,-3,0.1,-0.2,3,7.45058e-09,0.2,3,0.1,0.2,3,-7.45058e-09,-0.2,3,0.1,-0.2,-2.95,-1.71363e-07,-4,-2.95,1.71363e-07,4,-3.05,1.71363e-07,4,-3.05,-1.71363e-07,-4,-2.95,0.2,-4,-2.95,0.2,4,-3.05,0.2,4,-3.05,0.2,-4],
    "metadata":{
        "generator":"io_three",
        "normals":12,
        "type":"Geometry",
        "vertices":40,
        "uvs":1,
        "colors":0,
        "faces":30,
        "version":3,
        "materials":1
    },
    "uvs":[[0.567599,0.305395,0.693055,0.305395,0.693055,0.430851,0.567599,0.430851,0.693055,0.17994,0.567599,0.305395,0.567599,0.17994,0.81851,0.17994,0.693055,0.17994,0.693055,0.0544842,0.81851,0.0544842,0.567599,0.17994,0.567599,0.0544843,0.693055,0.17994,0.943966,0.17994,0.81851,0.0544843,0.943966,0.0544842,0.81851,0.17994,0.81851,0.305395,0.693055,0.305395,0.199735,0.757296,0.112765,0.757296,0.112765,0.670327,0.199735,0.670327,0.112765,0.844266,0.0257955,0.844266,0.0257955,0.757296,0.112765,0.757296,0.0257955,0.757296,0.0257955,0.670327,0.112765,0.670327,0.112765,0.844266,0.112765,0.757296,0.199735,0.844266,0.286705,0.757296,0.199735,0.757296,0.286705,0.670327,0.112765,0.844266,0.112765,0.931236,0.0257955,0.931236,0.0257955,0.844266,0.861513,0.758566,0.777168,0.758566,0.777168,0.674222,0.861513,0.674222,0.777168,0.84291,0.692824,0.84291,0.692824,0.758566,0.777168,0.758566,0.692824,0.758566,0.692824,0.674222,0.777168,0.674222,0.777168,0.84291,0.861513,0.84291,0.945857,0.758566,0.945857,0.674222,0.777168,0.927254,0.692824,0.927254,0.692824,0.84291,0.544437,0.769053,0.459155,0.769053,0.459155,0.683771,0.544437,0.683771,0.459155,0.854335,0.373873,0.854335,0.373873,0.769053,0.459155,0.769053,0.373873,0.769053,0.373873,0.683771,0.459155,0.683771,0.459155,0.854335,0.459155,0.769053,0.544437,0.769053,0.544437,0.854335,0.629719,0.769053,0.544437,0.683771,0.629719,0.683771,0.459155,0.854335,0.459155,0.939617,0.373873,0.939617,0.0781164,0.302685,0.198152,0.302685,0.198152,0.42272,0.0781164,0.42272,0.198152,0.18265,0.0781164,0.18265,0.318187,0.18265,0.198152,0.18265,0.198152,0.0626144,0.318187,0.0626144,0.0781164,0.18265,0.0781164,0.0626144,0.198152,0.0626144,0.198152,0.18265,0.438222,0.18265,0.318187,0.18265,0.318187,0.0626144,0.438222,0.0626144,0.318187,0.18265,0.318187,0.302685,0.198152,0.302685]],
    "skinWeights":[],
    "colors":[],
    "skinIndices":[],
    "faces":[43,0,1,2,3,0,0,1,2,3,0,0,0,0,43,4,7,6,5,0,4,1,5,6,1,1,1,1,43,0,4,5,1,0,7,8,9,10,2,2,2,2,43,1,5,6,2,0,11,12,9,13,3,3,3,3,43,2,6,7,3,0,14,7,15,16,4,4,4,4,43,4,0,3,7,0,4,17,18,19,5,5,5,5,43,8,9,11,10,0,20,21,22,23,4,4,4,4,43,10,11,15,14,0,24,25,26,27,6,6,6,6,43,14,15,13,12,0,21,28,29,30,2,2,2,2,43,12,13,9,8,0,31,32,20,33,7,7,7,7,43,10,14,12,8,0,34,35,23,36,8,8,8,8,43,15,11,9,13,0,37,38,39,40,9,9,9,9,43,16,17,19,18,0,41,42,43,44,4,4,4,4,43,18,19,23,22,0,45,46,47,48,6,6,6,6,43,22,23,21,20,0,42,49,50,51,2,2,2,2,43,20,21,17,16,0,52,42,41,53,7,7,7,7,43,18,22,20,16,0,54,41,44,55,8,8,8,8,43,23,19,17,21,0,45,56,57,58,9,9,9,9,43,24,25,27,26,0,59,60,61,62,4,4,4,4,43,26,27,31,30,0,63,64,65,66,6,6,6,6,43,30,31,29,28,0,60,67,68,69,2,2,2,2,43,28,29,25,24,0,70,71,72,73,7,7,7,7,43,26,30,28,24,0,74,59,75,76,10,10,10,10,43,31,27,25,29,0,77,78,79,64,11,11,11,11,43,32,33,34,35,0,80,81,82,83,0,0,0,0,43,36,39,38,37,0,84,81,80,85,1,1,1,1,43,32,36,37,33,0,86,87,88,89,2,2,2,2,43,33,37,38,34,0,90,91,92,93,3,3,3,3,43,34,38,39,35,0,94,95,96,97,4,4,4,4,43,36,32,35,39,0,84,98,99,100,5,5,5,5],
    "materials":[{
        "vertexColors":false,
        "depthTest":true,
        "shading":"phong",
        "opacity":1,
        "colorDiffuse":[0.64,0.64,0.64],
        "DbgIndex":0,
        "visible":true,
        "DbgName":"Material",
        "wireframe":false,
        "depthWrite":true,
        "colorSpecular":[0.5,0.5,0.5],
        "blending":1,
        "specularCoef":50,
        "doubleSided":false,
        "transparent":false,
        "colorEmissive":[0,0,0],
        "DbgColor":15658734
    }]
}