{
    "data":{
        "index":{
            "itemSize":1,
            "type":"Uint16Array",
            "array":[0,1,2,3,4,5,6,7,8,9,10,11,12,13,14,15,16,17,18,19,20,21,22,23,24,25,26,27,28,29,30,31,32,33,34,35,36,37,38,39,40,41,42,43,44,45,46,47,48,49,50,51,52,53,54,55,56,57,58,59,60,61,62,63,64,65,66,67,68,69,70,71,72,73,74,75,76,77,78,79,80,81,82,83,84,85,86,87,88,89,0,90,1,3,91,4,92,93,94,9,95,10,12,96,13,15,97,16,18,98,19,21,99,22,24,100,25,27,101,28,30,102,31,33,103,34,36,104,37,39,105,40,42,106,43,45,107,46,48,108,49,51,109,52,54,110,55,57,111,58,60,112,61,63,113,64,66,114,67,69,115,70,72,116,73,75,117,76,118,119,120,81,121,82,84,122,85,87,123,88]
        },
        "attributes":{
            "position":{
                "itemSize":3,
                "type":"Float32Array",
                "array":[5,1.3411e-07,2.95,-5,1.3411e-07,3.05,-5,1.3411e-07,2.95,-5,0.2,2.95,4.99999,0.2,3.05,5,0.2,2.95,5,0.2,2.95,5,1.3411e-07,3.05,5,1.3411e-07,2.95,4.99999,0.2,3.05,-5,1.3411e-07,3.05,5,1.3411e-07,3.05,-5,1.3411e-07,3.05,-5,0.2,2.95,-5,1.3411e-07,2.95,5,1.3411e-07,2.95,-5,0.2,2.95,5,0.2,2.95,-3.2,0.1,3,-3.2,-1.2666e-07,-3,-3.2,1.3411e-07,3,-3.2,0.0999999,-3,-2.8,-1.2666e-07,-3,-3.2,-1.2666e-07,-3,-2.8,0.0999999,-3,-2.8,1.3411e-07,3,-2.8,-1.2666e-07,-3,-2.8,0.1,3,-3.2,1.3411e-07,3,-2.8,1.3411e-07,3,-2.8,-1.2666e-07,-3,-3.2,1.3411e-07,3,-3.2,-1.2666e-07,-3,-3.2,0.0999999,-3,-2.8,0.1,3,-2.8,0.0999999,-3,2.8,0.1,3,2.8,-1.2666e-07,-3,2.8,1.3411e-07,3,2.8,0.0999999,-3,3.2,-1.2666e-07,-3,2.8,-1.2666e-07,-3,3.2,0.0999999,-3,3.2,1.3411e-07,3,3.2,-1.2666e-07,-3,3.2,0.1,3,2.8,1.3411e-07,3,3.2,1.3411e-07,3,3.2,-1.2666e-07,-3,2.8,1.3411e-07,3,2.8,-1.2666e-07,-3,2.8,0.0999999,-3,3.2,0.1,3,3.2,0.0999999,-3,-0.2,0.1,3,-0.2,-1.2666e-07,-3,-0.2,1.3411e-07,3,-0.2,0.0999999,-3,0.2,-1.2666e-07,-3,-0.2,-1.2666e-07,-3,0.2,0.0999999,-3,0.2,1.3411e-07,3,0.2,-1.2666e-07,-3,0.2,0.1,3,-0.2,1.3411e-07,3,0.2,1.3411e-07,3,0.2,-1.2666e-07,-3,-0.2,1.3411e-07,3,-0.2,-1.2666e-07,-3,-0.2,0.0999999,-3,0.2,0.1,3,0.2,0.0999999,-3,5,-1.2666e-07,-2.95,-5,-1.2666e-07,-3.05,5,-1.2666e-07,-3.05,-5,0.2,-3.05,4.99999,0.2,-2.95,5,0.2,-3.05,5,0.2,-3.05,5,-1.2666e-07,-2.95,5,-1.2666e-07,-3.05,4.99999,0.2,-2.95,-5,-1.2666e-07,-2.95,5,-1.2666e-07,-2.95,-5,0.2,-2.95,-5,-1.2666e-07,-3.05,-5,-1.2666e-07,-2.95,5,-1.2666e-07,-3.05,-5,0.2,-3.05,5,0.2,-3.05,5,1.3411e-07,3.05,-5,0.2,3.05,5,0.2,2.95,4.99999,0.2,3.05,5,1.3411e-07,3.05,-5,0.2,3.05,-5,0.2,3.05,-5,1.3411e-07,2.95,-3.2,0.0999999,-3,-2.8,0.0999999,-3,-2.8,0.1,3,-3.2,0.1,3,-2.8,1.3411e-07,3,-3.2,0.1,3,2.8,0.0999999,-3,3.2,0.0999999,-3,3.2,0.1,3,2.8,0.1,3,3.2,1.3411e-07,3,2.8,0.1,3,-0.2,0.0999999,-3,0.2,0.0999999,-3,0.2,0.1,3,-0.2,0.1,3,0.2,1.3411e-07,3,-0.2,0.1,3,-5,-1.2666e-07,-2.95,-5,0.2,-2.95,5,0.2,-3.05,4.99999,0.2,-2.95,5,-1.2666e-07,-2.95,-5,0.2,-2.95,-5,0.2,-3.05,-5,-1.2666e-07,-3.05]
            },
            "normal":{
                "itemSize":3,
                "type":"Float32Array",
                "array":[0,-1,0,0,-1,0,0,-1,0,0,1,0,0,1,0,0,1,0,1,-1.19209e-05,0,1,-1.19209e-05,0,1,-1.19209e-05,0,0,-0,1,0,-0,1,0,-0,1,-1,-7.15256e-06,-2.38419e-05,-1,-7.15256e-06,-2.38419e-05,-1,-7.15256e-06,-2.38419e-05,-0,-0,-1,-0,-0,-1,-0,-0,-1,-1,0,-0,-1,0,-0,-1,0,-0,0,0,-1,0,0,-1,0,0,-1,1,-0,0,1,-0,0,1,-0,0,0,-0,1,0,-0,1,0,-0,1,0,-1,4.34617e-08,0,-1,4.34617e-08,0,-1,4.34617e-08,0,1,-4.34617e-08,0,1,-4.34617e-08,0,1,-4.34617e-08,-1,0,-0,-1,0,-0,-1,0,-0,0,0,-1,0,0,-1,0,0,-1,1,-0,0,1,-0,0,1,-0,0,0,-0,1,0,-0,1,0,-0,1,0,-1,4.34617e-08,0,-1,4.34617e-08,0,-1,4.34617e-08,0,1,-4.34617e-08,0,1,-4.34617e-08,0,1,-4.34617e-08,-1,0,-0,-1,0,-0,-1,0,-0,0,0,-1,0,0,-1,0,0,-1,1,-0,0,1,-0,0,1,-0,0,0,-0,1,0,-0,1,0,-0,1,0,-1,4.34617e-08,0,-1,4.34617e-08,0,-1,4.34617e-08,0,1,-4.34617e-08,0,1,-4.34617e-08,0,1,-4.34617e-08,0,-1,0,0,-1,0,0,-1,0,0,1,0,0,1,0,0,1,0,1,-1.19209e-05,0,1,-1.19209e-05,0,1,-1.19209e-05,0,0,-0,1,0,-0,1,0,-0,1,-1,-7.15256e-06,-2.38419e-05,-1,-7.15256e-06,-2.38419e-05,-1,-7.15256e-06,-2.38419e-05,-0,-0,-1,-0,-0,-1,-0,-0,-1,0,-1,0,0,1,0,1,1.66893e-05,5.72205e-05,1,1.66893e-05,5.72205e-05,1,1.66893e-05,5.72205e-05,0,-0,1,-1,-7.15256e-06,-2.38419e-05,0,0,-1,-1,0,0,0,0,-1,1,-0,0,0,0,1,0,-1,4.34617e-08,0,1,-4.34617e-08,-1,0,0,0,0,-1,1,-0,0,0,0,1,0,-1,4.34617e-08,0,1,-4.34617e-08,-1,0,0,0,0,-1,1,-0,0,0,0,1,0,-1,4.34617e-08,0,1,-4.34617e-08,0,-1,0,0,1,0,1,1.66893e-05,5.72205e-05,1,1.66893e-05,5.72205e-05,1,1.66893e-05,5.72205e-05,0,-0,1,-1,-7.15256e-06,-2.38419e-05,0,0,-1]
            },
            "uv":{
                "itemSize":2,
                "type":"Float32Array",
                "array":[0.560594,0.31574,0.692073,0.447218,0.560594,0.447218,0.692073,0.31574,0.560594,0.184261,0.692073,0.184261,0.692073,0.18426,0.823552,0.0527816,0.823552,0.18426,0.560594,0.0527816,0.692073,0.18426,0.560594,0.184261,0.955031,0.18426,0.823552,0.0527816,0.955031,0.0527815,0.823552,0.184261,0.692073,0.31574,0.692073,0.184261,0.123156,0.791125,0.212781,0.7015,0.212781,0.791125,0.0335314,0.88075,0.123156,0.791125,0.123156,0.88075,0.0335315,0.791125,0.123156,0.7015,0.123156,0.791125,0.123156,0.791125,0.212781,0.88075,0.123156,0.88075,0.212781,0.791125,0.302406,0.7015,0.302406,0.791125,0.123156,0.970375,0.0335314,0.88075,0.123156,0.88075,0.781509,0.797134,0.859116,0.719527,0.859116,0.797134,0.703902,0.874741,0.781509,0.797134,0.781509,0.874741,0.703902,0.797134,0.781509,0.719527,0.781509,0.797134,0.781509,0.797134,0.859116,0.874741,0.781509,0.874741,0.859116,0.797134,0.936723,0.719527,0.936723,0.797134,0.781509,0.952348,0.703902,0.874741,0.781509,0.874741,0.459979,0.799823,0.540021,0.719781,0.540021,0.799823,0.379938,0.879865,0.459979,0.799823,0.459979,0.879865,0.379938,0.799823,0.459979,0.719781,0.459979,0.799823,0.459979,0.799823,0.540021,0.879865,0.459979,0.879865,0.540021,0.799823,0.620062,0.719781,0.620062,0.799823,0.459979,0.959906,0.379938,0.879865,0.459979,0.879865,0.196996,0.326441,0.0675518,0.455886,0.0675518,0.326441,0.196996,0.326441,0.0675518,0.196997,0.196996,0.196996,0.196996,0.196996,0.326441,0.0675518,0.326441,0.196996,0.0675518,0.0675519,0.196996,0.196996,0.0675518,0.196996,0.326441,0.196996,0.455886,0.0675518,0.455886,0.196996,0.326441,0.196996,0.196996,0.326441,0.196996,0.196996,0.692073,0.31574,0.560594,0.31574,0.692073,0.18426,0.692073,0.0527815,0.823552,0.0527816,0.692073,0.0527815,0.823552,0.18426,0.823552,0.315739,0.123156,0.7015,0.0335314,0.791125,0.0335314,0.7015,0.212781,0.791125,0.212781,0.7015,0.0335314,0.970375,0.781509,0.719527,0.703902,0.797134,0.703902,0.719527,0.859116,0.797134,0.859116,0.719527,0.703902,0.952348,0.459979,0.719781,0.379938,0.799823,0.379938,0.719781,0.540021,0.799823,0.540021,0.719781,0.379938,0.959906,0.196996,0.455886,0.0675518,0.326441,0.196996,0.196996,0.196996,0.0675518,0.326441,0.0675518,0.196996,0.0675518,0.326441,0.0675518,0.326441,0.326441]
            }
        },
        "groups":[{
            "materialIndex":0,
            "count":180,
            "start":0
        }]
    },
    "metadata":{
        "position":124,
        "version":3,
        "uv":124,
        "type":"BufferGeometry",
        "normal":124,
        "generator":"io_three"
    }
}