{
    "influencesPerVertex":2,
    "normals":[0,-1,0,0,1,0,1,2.98023e-08,4.17233e-07,-1.78814e-07,-1.49012e-08,1,-1,-8.9407e-08,-2.98023e-07,1.58946e-07,7.45058e-08,-1],
    "vertices":[3,0,-2,3,0,2,-3,0,2,-3,0,-2,3,8,-2,3,8,2,-3,8,2,-3,8,-2],
    "metadata":{
        "generator":"io_three",
        "normals":6,
        "type":"Geometry",
        "vertices":8,
        "uvs":1,
        "colors":0,
        "faces":6,
        "version":3,
        "materials":1
    },
    "uvs":[[0.929748,0.93603,0.956589,0.93603,0.956589,0.962871,0.929748,0.962871,0.927022,0.936869,0.927022,0.96371,0.900182,0.96371,0.900182,0.936869,0.495365,0.908233,0.0610698,0.908233,0.0610698,0.473938,0.495365,0.473938,0.0593732,0.462911,0.0593732,0.0286162,0.493668,0.0286161,0.493668,0.462911,0.942383,0.908233,0.508088,0.908233,0.508088,0.473938,0.942383,0.473938,0.508936,0.0303126,0.943231,0.0303127,0.943231,0.464607,0.508936,0.464607]],
    "skinWeights":[],
    "colors":[],
    "skinIndices":[],
    "faces":[43,0,1,2,3,0,0,1,2,3,0,0,0,0,43,4,7,6,5,0,4,5,6,7,1,1,1,1,43,0,4,5,1,0,8,9,10,11,2,2,2,2,43,1,5,6,2,0,12,13,14,15,3,3,3,3,43,2,6,7,3,0,16,17,18,19,4,4,4,4,43,4,0,3,7,0,20,21,22,23,5,5,5,5],
    "materials":[{
        "vertexColors":false,
        "depthTest":true,
        "shading":"phong",
        "opacity":1,
        "colorDiffuse":[0.64,0.64,0.64],
        "DbgIndex":0,
        "visible":true,
        "DbgName":"Material.001",
        "wireframe":false,
        "depthWrite":true,
        "colorSpecular":[0.5,0.5,0.5],
        "blending":1,
        "specularCoef":50,
        "doubleSided":false,
        "transparent":false,
        "colorEmissive":[0,0,0],
        "DbgColor":15658734
    }]
}