{
    "influencesPerVertex":2,
    "normals":[-0.894427,0.447214,0,0,0.447214,-0.894427,0.894427,0.447214,0,0,0.447214,0.894427,0,-1,0,1,0,0,0,1,0,1,1.19209e-08,2.86102e-07,-2.38419e-07,1.19209e-08,1,-1,-2.38419e-08,-2.38419e-07,2.38419e-07,1.19209e-08,-1],
    "vertices":[-3,20,3,0,26,-1.1365e-06,-3,20,-3,3,20,3,3,20,-3,2.51,19,0.999999,2.51,17,0.999999,2.51,19,-1,2.51,17,-1,2.5,0,-2.5,2.5,0,2.5,-2.5,0,2.5,-2.5,0,-2.5,2.5,20,-2.5,2.5,20,2.5,-2.5,20,2.5,-2.5,20,-2.5],
    "metadata":{
        "generator":"io_three",
        "normals":11,
        "type":"Geometry",
        "vertices":17,
        "uvs":1,
        "colors":0,
        "faces":12,
        "version":3,
        "materials":1
    },
    "uvs":[[0.0185402,0.729789,0.0976127,0.509952,0.176685,0.729789,0.0185402,0.949626,0.0976126,0.729789,0.176685,0.949626,0.176685,0.970608,0.255758,0.750772,0.33483,0.970608,0.176685,0.670499,0.321051,0.509952,0.321051,0.750772,0.479196,0.70658,0.321051,0.70658,0.479196,0.509952,0.505853,0.994861,0.505853,0.507403,0.993311,0.507403,0.993311,0.994861,0.502973,0.25632,0.735855,0.25632,0.735855,0.489201,0.502973,0.489201,0.977505,0.257374,0.977505,0.490256,0.744624,0.490256,0.744624,0.257374,0.489546,0.244972,0.256664,0.244972,0.256664,0.0120903,0.489546,0.0120903,0.0237823,0.244972,0.0237823,0.0120904,0.256664,0.0120903,0.256664,0.244972,0.964258,0.244972,0.731377,0.244972,0.731377,0.0120904,0.964258,0.0120903,0.493844,0.0108926,0.726726,0.0108926,0.726726,0.243774,0.493844,0.243774]],
    "skinWeights":[],
    "colors":[],
    "skinIndices":[],
    "faces":[42,0,1,2,0,0,1,2,0,0,0,42,2,1,4,0,3,4,5,1,1,1,42,4,1,3,0,6,7,8,2,2,2,42,3,1,0,0,9,10,11,3,3,3,43,3,0,2,4,0,10,14,12,13,4,4,4,4,43,5,6,8,7,0,15,16,17,18,5,5,5,5,43,9,10,11,12,0,19,20,21,22,4,4,4,4,43,13,16,15,14,0,23,24,25,26,6,6,6,6,43,9,13,14,10,0,27,28,29,30,7,7,7,7,43,10,14,15,11,0,31,32,33,34,8,8,8,8,43,11,15,16,12,0,35,36,37,38,9,9,9,9,43,13,9,12,16,0,39,40,41,42,10,10,10,10],
    "materials":[{
        "vertexColors":false,
        "depthTest":true,
        "shading":"phong",
        "opacity":1,
        "colorDiffuse":[0.64,0.64,0.64],
        "DbgIndex":0,
        "visible":true,
        "DbgName":"Material",
        "wireframe":false,
        "depthWrite":true,
        "colorSpecular":[0.5,0.5,0.5],
        "blending":1,
        "specularCoef":50,
        "doubleSided":false,
        "transparent":false,
        "colorEmissive":[0,0,0],
        "DbgColor":15658734
    }]
}