{
    "influencesPerVertex":2,
    "normals":[0.0980173,0,-0.995185,0.290285,0,-0.95694,0.471397,0,-0.881921,0.634393,0,-0.77301,0.77301,0,-0.634393,0.881921,0,-0.471397,0.95694,0,-0.290285,0.995185,0,-0.0980173,0.995185,0,0.098017,0.95694,0,0.290285,0.881921,0,0.471396,0.77301,0,0.634393,0.634393,0,0.77301,0.471397,0,0.881921,0.290284,0,0.956941,0.098017,0,0.995185,-0.0980176,0,0.995185,-0.290285,0,0.95694,-0.471397,0,0.881921,-0.634394,0,0.77301,-0.773011,0,0.634393,-0.881922,0,0.471396,-0.956941,0,0.290284,-0.995185,5.93851e-09,0.0980163,-0.995185,-5.93851e-09,-0.0980182,-0.95694,0,-0.290286,-0.881921,0,-0.471398,-0.77301,0,-0.634394,-0.634392,0,-0.773011,-0.471396,0,-0.881922,0,1,0,0,1,0,-1.20475e-06,1,-9.88715e-07,1.52762e-07,1,-1.55101e-06,-1.52761e-07,1,-1.55102e-06,1.20475e-06,1,-9.88714e-07,-0,1,0,-2.21775e-07,1,-3.31911e-07,3.04901e-13,1,-7.8303e-07,0,1,-0,2.21776e-07,1,-3.31911e-07,8.57703e-14,1,-1.10135e-07,-1.10135e-07,1,8.57701e-15,3.89386e-08,1,-1.61289e-08,-1.61289e-08,1,-3.89386e-08,-0.290283,0,-0.956941,-0.0980165,0,-0.995185,-0,-1,0,0,-1,0,-4.94358e-07,-1,6.02376e-07,0,-1,-0,-1.49141e-06,-1,-4.52415e-07,1.49141e-06,-1,-4.52412e-07,0,-1,0,4.94357e-07,-1,6.02377e-07,1.844e-07,-1,-7.63808e-08,-3.99185e-07,-1,6.09802e-14,-2.82267e-07,-1,2.82266e-07,7.63805e-08,-1,1.844e-07,-1.07432e-08,-1,5.40094e-08,6.11877e-08,-1,9.15739e-08,-2.14863e-08,-1,1.08019e-07,-5.40094e-08,-1,-1.07432e-08,-5.89363e-09,-1,4.67516e-08,2.3336e-08,-1,4.09375e-08,-6.31594e-15,-1,3.97364e-08,2.05268e-14,1,-4.96705e-08,1,2.98023e-07,2.78155e-07,-2.78155e-07,-8.9407e-07,1,-1,-7.45058e-07,-2.1855e-07,2.38419e-07,1.49012e-06,-1],
    "vertices":[0,1,-2,0,1.2,-2,0.390181,1,-1.96157,0.390181,1.2,-1.96157,0.765367,1,-1.84776,0.765367,1.2,-1.84776,1.11114,1,-1.66294,1.11114,1.2,-1.66294,1.41421,1,-1.41421,1.41421,1.2,-1.41421,1.66294,1,-1.11114,1.66294,1.2,-1.11114,1.84776,1,-0.765367,1.84776,1.2,-0.765367,1.96157,1,-0.390181,1.96157,1.2,-0.390181,2,1,-1.94707e-07,2,1.2,-2.03449e-07,1.96157,1,0.39018,1.96157,1.2,0.39018,1.84776,1,0.765366,1.84776,1.2,0.765366,1.66294,1,1.11114,1.66294,1.2,1.11114,1.41421,1,1.41421,1.41421,1.2,1.41421,1.11114,1,1.66294,1.11114,1.2,1.66294,0.765367,1,1.84776,0.765367,1.2,1.84776,0.39018,1,1.96157,0.39018,1.2,1.96157,-6.51683e-07,1,2,-6.51683e-07,1.2,2,-0.390181,1,1.96157,-0.390181,1.2,1.96157,-0.765368,1,1.84776,-0.765368,1.2,1.84776,-1.11114,1,1.66294,-1.11114,1.2,1.66294,-1.41421,1,1.41421,-1.41421,1.2,1.41421,-1.66294,1,1.11114,-1.66294,1.2,1.11114,-1.84776,1,0.765365,-1.84776,1.2,0.765365,-1.96157,1,0.390179,-1.96157,1.2,0.390179,-2,1,-1.97491e-06,-2,1.2,-1.98365e-06,-1.96157,1,-0.390183,-1.96157,1.2,-0.390183,-1.84776,1,-0.765369,-1.84776,1.2,-0.765369,-1.66294,1,-1.11114,-1.66294,1.2,-1.11114,-1.41421,1,-1.41422,-1.41421,1.2,-1.41422,-1.11114,1,-1.66294,-1.11114,1.2,-1.66294,-0.765364,1,-1.84776,-0.765364,1.2,-1.84776,-0.390178,1,-1.96157,-0.390178,1.2,-1.96157,3,0.2,-3,3,0.2,3,-3,0.2,3,-3,0.2,-3,3,1,-3,3,1,3,-3,1,3,-3,1,-3],
    "metadata":{
        "generator":"io_three",
        "normals":71,
        "type":"Geometry",
        "vertices":72,
        "uvs":1,
        "colors":0,
        "faces":98,
        "version":3,
        "materials":1
    },
    "uvs":[[0.595482,0.550603,0.595482,0.737239,0.554686,0.737239,0.554685,0.550603,0.514673,0.737239,0.514673,0.550603,0.476982,0.737239,0.476982,0.550603,0.443061,0.737239,0.443061,0.550603,0.414213,0.737239,0.414213,0.550603,1.00194,0.550049,1.00194,0.736686,0.968018,0.736686,0.968018,0.550049,0.930327,0.736686,0.930327,0.550049,0.890314,0.736686,0.890314,0.550049,0.849518,0.736686,0.849518,0.550049,0.809505,0.736686,0.809505,0.550049,0.771814,0.736686,0.771814,0.550049,0.737893,0.736686,0.737893,0.550049,0.414213,0.923875,0.448134,0.737239,0.448134,0.923875,0.485825,0.737239,0.485826,0.923875,0.525838,0.737239,0.525838,0.923875,0.566635,0.737239,0.566635,0.923875,0.606647,0.737239,0.606647,0.923875,0.644338,0.737239,0.644338,0.923875,0.678259,0.737239,0.678259,0.923875,0.707107,0.737239,0.707107,0.923875,0.707107,0.923875,0.707107,0.737239,0.741028,0.737239,0.741028,0.923875,0.778719,0.737239,0.778719,0.923875,0.818731,0.737239,0.818731,0.923875,0.859528,0.737239,0.859528,0.923875,0.89954,0.737239,0.89954,0.923875,0.937231,0.737239,0.937231,0.923875,0.971152,0.737239,0.971153,0.923875,1,0.737239,1,0.923875,0.735954,0.550603,0.735954,0.737239,0.707106,0.737239,0.707106,0.550603,0.673185,0.737239,0.673185,0.550603,0.186708,0.922078,0.146696,0.918509,0.109005,0.911508,0.0750841,0.901345,0.0462366,0.888409,0.0235713,0.873199,0.00795907,0.856298,5.96046e-08,0.838356,0,0.820062,0.00795895,0.80212,0.0235711,0.785219,0.0462363,0.770009,0.0750838,0.757073,0.109005,0.74691,0.146696,0.739909,0.186708,0.73634,0.227505,0.73634,0.267517,0.739909,0.305209,0.74691,0.33913,0.757073,0.367977,0.770009,0.390642,0.785219,0.406254,0.80212,0.414213,0.820062,0.414213,0.838356,0.406254,0.856298,0.390642,0.873199,0.367977,0.888409,0.33913,0.901345,0.305209,0.911508,0.267518,0.918509,0.227505,0.922078,0.635494,0.737239,0.635494,0.550603,0,0.652618,0,0.634325,0.00795898,0.616383,0.0235711,0.599482,0.0462364,0.584271,0.0750838,0.571335,0.109005,0.561172,0.146696,0.554172,0.186708,0.550603,0.227505,0.550603,0.267517,0.554172,0.305208,0.561172,0.339129,0.571335,0.367977,0.584271,0.390642,0.599481,0.406254,0.616383,0.414213,0.634325,0.414213,0.652618,0.406254,0.67056,0.390642,0.687461,0.367977,0.702672,0.339129,0.715607,0.305208,0.725771,0.267517,0.732771,0.227505,0.73634,0.186708,0.73634,0.146696,0.732771,0.109005,0.725771,0.0750837,0.715607,0.0462363,0.702672,0.023571,0.687461,0.00795892,0.67056,0.0223832,0.260744,0.4968,0.260744,0.4968,0.483474,0.0223832,0.483474,0.492269,0.0276946,0.492269,0.248094,0.0228157,0.248094,0.0228157,0.0276946,0.728199,0.306035,0.518253,0.306035,0.518253,0.207469,0.728199,0.207469,0.640273,0.144411,0.640273,0.0458448,0.850219,0.0458447,0.850219,0.14441,0.95044,0.306035,0.740494,0.306035,0.740494,0.207469,0.95044,0.207469,0.630958,0.351251,0.840904,0.351251,0.840904,0.449817,0.630958,0.449817]],
    "skinWeights":[],
    "colors":[],
    "skinIndices":[],