{
    "influencesPerVertex":2,
    "normals":[-1.42109e-14,-1,4.47035e-08,0,1,0,1,4.47034e-08,1.41561e-07,-5.66244e-07,-2.08616e-07,1,-1,-1.3411e-07,-1.11759e-07,4.76837e-07,4.17233e-07,-1],
    "vertices":[1,-1.19209e-07,-2,1,5.96046e-08,2,-1,5.96046e-08,2,-1,-1.19209e-07,-2,1,2,-2,0.999999,2,2,-1,2,2,-1,2,-2],
    "metadata":{
        "generator":"io_three",
        "normals":6,
        "type":"Geometry",
        "vertices":8,
        "uvs":1,
        "colors":0,
        "faces":6,
        "version":3,
        "materials":1
    },
    "uvs":[[0.995366,0.940383,0.503767,0.940383,0.503766,0.695445,0.995366,0.695445,0.495622,0.432245,0.495622,0.677183,0.00402292,0.677183,0.00402292,0.432245,0.994245,0.432776,0.994245,0.677713,0.502646,0.677714,0.502646,0.432776,0.91074,0.0121975,0.91074,0.418589,0.504349,0.418589,0.504349,0.0121975,0.00400584,0.940206,0.0040059,0.695268,0.495605,0.695268,0.495605,0.940206,0.49464,0.0115788,0.49464,0.41797,0.088249,0.41797,0.0882488,0.0115789]],
    "skinWeights":[],
    "colors":[],
    "skinIndices":[],
    "faces":[43,0,1,2,3,0,0,1,2,3,0,0,0,0,43,4,7,6,5,0,4,5,6,7,1,1,1,1,43,0,4,5,1,0,8,9,10,11,2,2,2,2,43,1,5,6,2,0,12,13,14,15,3,3,3,3,43,2,6,7,3,0,16,17,18,19,4,4,4,4,43,4,0,3,7,0,20,21,22,23,5,5,5,5],
    "materials":[{
        "vertexColors":false,
        "depthTest":true,
        "shading":"phong",
        "opacity":1,
        "colorDiffuse":[0.64,0.64,0.64],
        "DbgIndex":0,
        "visible":true,
        "DbgName":"Material",
        "wireframe":false,
        "depthWrite":true,
        "colorSpecular":[0.5,0.5,0.5],
        "blending":1,
        "specularCoef":50,
        "doubleSided":false,
        "transparent":false,
        "colorEmissive":[0,0,0],
        "DbgColor":15658734
    }]
}