{
    "influencesPerVertex":2,
    "normals":[0,-1,0,0,0,0,0.216931,0.976187,0,-6.88765e-07,-1.19209e-06,1,-0.216931,0.976187,-2.06881e-08,5.82801e-07,2.14577e-06,-1,0,-1.19209e-07,-1,0,1,0,1,7.15255e-08,2.26498e-07,-3.57628e-07,-9.53676e-08,1,-1,-2.14577e-07,-1.78814e-07,3.27826e-07,3.33786e-07,-1],
    "vertices":[4.5,5,-5,4.5,5,5,-4.5,5,5,-4.5,5,-5,-5.36442e-07,6,-5,-5.36442e-07,6,5,-5.36442e-07,6,5,-5.36442e-07,6,-5,-2.5,4,-5.01,2.5,4,-5.01,-2.5,0,-5.01,2.5,0,-5.01,4,0,-5,4,0,5,-4,0,5,-4,0,-5,4,5,-5,4,5,5,-4,5,5,-4,5,-5],
    "metadata":{
        "generator":"io_three",
        "normals":12,
        "type":"Geometry",
        "vertices":20,
        "uvs":1,
        "colors":0,
        "faces":13,
        "version":3,
        "materials":1
    },
    "uvs":[[0.0932097,0.753755,0.231591,0.753755,0.231591,0.949759,0.0932096,0.949759,0.0932096,0.534616,0.231591,0.753755,0.231591,0.534616,0.369972,0.534616,0.369972,0.753755,0.369972,0.949759,0.231591,0.851757,0.369972,0.753755,0.0932096,0.753755,0.0932097,0.534616,0.231591,0.534616,0.231591,0.753755,0.369972,0.632618,0.508353,0.534616,0.508353,0.73062,0.579252,0.592786,0.954738,0.592786,0.954738,0.968273,0.579252,0.968273,0.435485,0.244523,0.626317,0.244523,0.626317,0.435355,0.435485,0.435355,0.244427,0.244428,0.244427,0.43526,0.053595,0.43526,0.0535949,0.244428,0.43526,0.244427,0.244428,0.244427,0.244427,0.0535949,0.43526,0.053595,0.053595,0.244428,0.0535949,0.053595,0.244427,0.0535949,0.244427,0.244427,0.626093,0.244427,0.43526,0.244427,0.43526,0.053595,0.626093,0.0535949,0.43526,0.244428,0.43526,0.43526,0.244428,0.43526]],
    "skinWeights":[],
    "colors":[],
    "skinIndices":[],
    "faces":[43,0,1,2,3,0,0,1,2,3,0,0,0,0,43,4,7,6,5,0,4,4,4,4,1,1,1,1,43,0,4,5,1,0,5,6,7,8,2,2,2,2,43,1,5,6,2,0,9,10,10,11,3,3,3,3,43,2,6,7,3,0,12,13,14,15,4,4,4,4,43,4,0,3,7,0,16,17,18,16,5,5,5,5,43,8,9,11,10,0,19,20,21,22,6,6,6,6,43,12,13,14,15,0,23,24,25,26,0,0,0,0,43,16,19,18,17,0,27,28,29,30,7,7,7,7,43,12,16,17,13,0,31,32,33,34,8,8,8,8,43,13,17,18,14,0,35,36,37,38,9,9,9,9,43,14,18,19,15,0,39,40,41,42,10,10,10,10,43,16,12,15,19,0,27,43,44,45,11,11,11,11],
    "materials":[{
        "vertexColors":false,
        "depthTest":true,
        "shading":"phong",
        "opacity":1,
        "colorDiffuse":[0.64,0.64,0.64],
        "DbgIndex":0,
        "visible":true,
        "DbgName":"Material",
        "wireframe":false,
        "depthWrite":true,
        "colorSpecular":[0.5,0.5,0.5],
        "blending":1,
        "specularCoef":50,
        "doubleSided":false,
        "transparent":false,
        "colorEmissive":[0,0,0],
        "DbgColor":15658734
    }]
}