{
    "influencesPerVertex":2,
    "normals":[-3.41061e-15,-1,2.38419e-08,0.371391,0.928477,-1.77093e-08,-3.54186e-08,0.928477,0.371391,-0.371391,0.928477,-1.06256e-07,8.85465e-08,0.928477,-0.371391,0,-1,0,0,1,0,1,8.94068e-08,2.83122e-07,-2.83122e-07,-1.49012e-07,1,-1,-2.38419e-07,-2.38419e-07,2.23518e-07,3.27826e-07,-1],
    "vertices":[2.5,2,-2.5,2.5,2,2.5,-2.5,2,2.5,-2.5,2,-2.5,-3.35276e-07,3,3.159e-07,2,0,-2,2,0,2,-2,0,2,-2,0,-2,2,2,-2,2,2,2,-2,2,2,-2,2,-2],
    "metadata":{
        "generator":"io_three",
        "normals":11,
        "type":"Geometry",
        "vertices":13,
        "uvs":1,
        "colors":0,
        "faces":11,
        "version":3,
        "materials":1
    },
    "uvs":[[0.646111,0.741599,1,0.741599,1,0.940849,0.646111,0.940849,0.323055,0.904286,0.646111,0.985629,0.353889,0.741599,0.530834,0.518831,0.707779,0.741599,0,0.741599,0.176944,0.518831,0.353889,0.741599,0.323055,0.741599,0.323055,0.985629,0,0.904286,0.109804,0.399971,0.162009,0.399971,0.162009,0.452176,0.109804,0.452176,0.234681,0.445519,0.234681,0.39453,0.285671,0.39453,0.285671,0.445519,0.960883,0.345531,0.65607,0.345531,0.65607,0.040718,0.960883,0.0407181,0.351258,0.345531,0.351258,0.0407182,0.65607,0.345531,0.343623,0.347963,0.0388103,0.347963,0.0388101,0.043151,0.343623,0.043151,0.672726,0.377238,0.977538,0.377239,0.977538,0.682051,0.672726,0.682051]],
    "skinWeights":[],
    "colors":[],
    "skinIndices":[],
    "faces":[43,0,1,2,3,0,0,1,2,3,0,0,0,0,42,0,4,1,0,4,0,5,1,1,1,42,1,4,2,0,6,7,8,2,2,2,42,2,4,3,0,9,10,11,3,3,3,42,4,0,3,0,12,13,14,4,4,4,43,5,6,7,8,0,15,16,17,18,5,5,5,5,43,9,12,11,10,0,19,20,21,22,6,6,6,6,43,5,9,10,6,0,23,24,25,26,7,7,7,7,43,6,10,11,7,0,27,28,25,29,8,8,8,8,43,7,11,12,8,0,30,31,32,33,9,9,9,9,43,9,5,8,12,0,34,35,36,37,10,10,10,10],
    "materials":[{
        "vertexColors":false,
        "depthTest":true,
        "shading":"phong",
        "opacity":1,
        "colorDiffuse":[0.64,0.64,0.64],
        "DbgIndex":0,
        "visible":true,
        "DbgName":"Material",
        "wireframe":false,
        "depthWrite":true,
        "colorSpecular":[0.5,0.5,0.5],
        "blending":1,
        "specularCoef":50,
        "doubleSided":false,
        "transparent":false,
        "colorEmissive":[0,0,0],
        "DbgColor":15658734
    }]
}