{
    "influencesPerVertex":2,
    "normals":[-0.274721,0.961524,0,0,0.961524,-0.274721,0.274721,0.961524,0,0,0.961524,0.274721,0,-1,0,-1,0,0,0,-3.97364e-08,-1,1,0,0,0,3.97364e-08,1,0,-1,-0,0,1,0,1,9.9341e-09,2.68221e-07,-2.83122e-07,4.96703e-09,1,-1,-2.98023e-08,-2.08616e-07,2.38419e-07,1.98682e-08,-1],
    "vertices":[-3.5,12,3.5,0,13,-5.68248e-07,-3.5,12,-3.5,3.5,12,3.5,3.5,12,-3.5,-3,6,3,-3,12,3,-3,6,-3,-3,12,-3,3,6,3,3,12,3,3,6,-3,3,12,-3,1,0,-0.999999,1,0,1,-1,0,0.999999,-0.999999,0,-1,1,6,-0.999999,0.999999,6,1,-1,6,0.999999,-0.999999,6,-1],
    "metadata":{
        "generator":"io_three",
        "normals":15,
        "type":"Geometry",
        "vertices":21,
        "uvs":1,
        "colors":0,
        "faces":17,
        "version":3,
        "materials":1
    },
    "uvs":[[0.0198617,0.910288,0.184695,0.834547,0.349528,0.910288,0.0198617,0.986028,0.184695,0.910288,0.349528,0.986028,0.349528,0.993257,0.514362,0.917517,0.679195,0.993257,0.349528,0.88986,0.650472,0.834547,0.650472,0.917517,0.980138,0.902292,0.650472,0.902292,0.650472,0.834547,0.980138,0.834547,0.990171,0.480602,0.652674,0.480602,0.652674,0.143105,0.990171,0.143105,0.652674,0.818099,0.315176,0.818099,0.315176,0.480602,0.652674,0.480602,0.315177,0.480602,0.315176,0.143105,0.652674,0.143105,0.652674,0.818099,0.652674,0.480602,0.990171,0.480602,0.990171,0.818099,0.125326,0.467837,0.0624534,0.467837,0.0624534,0.404964,0.125326,0.404964,0.107531,0.546776,0.107531,0.577322,0.0769839,0.577322,0.0769839,0.546776,0.400242,0.0323128,0.453254,0.0323128,0.453254,0.085325,0.400242,0.085325,0.453296,0.0323128,0.506308,0.0323128,0.506308,0.085325,0.453296,0.085325,0.880494,0.120625,0.880494,0.00901684,0.992102,0.0090168,0.992102,0.120625,0.0204424,0.283107,0.0204424,0.0201568,0.283392,0.0201567,0.283392,0.283107,0.657278,0.120625,0.657278,0.00901685,0.768886,0.00901685,0.768886,0.120625]],
    "skinWeights":[],
    "colors":[],
    "skinIndices":[],
    "faces":[42,0,1,2,0,0,1,2,0,0,0,42,2,1,4,0,3,4,5,1,1,1,42,4,1,3,0,6,7,8,2,2,2,42,3,1,0,0,9,10,11,3,3,3,43,3,0,2,4,0,14,15,12,13,4,4,4,4,43,5,6,8,7,0,16,17,18,19,5,5,5,5,43,7,8,12,11,0,20,21,22,23,6,6,6,6,43,11,12,10,9,0,17,24,25,26,7,7,7,7,43,9,10,6,5,0,27,28,29,30,8,8,8,8,43,7,11,9,5,0,31,32,33,34,9,9,9,9,43,12,8,6,10,0,35,36,37,38,10,10,10,10,43,13,14,15,16,0,39,40,41,42,4,4,4,4,43,17,20,19,18,0,43,44,45,46,10,10,10,10,43,13,17,18,14,0,47,48,49,50,11,11,11,11,43,14,18,19,15,0,51,52,53,54,12,12,12,12,43,15,19,20,16,0,55,56,57,58,13,13,13,13,43,17,13,16,20,0,48,47,58,57,14,14,14,14],
    "materials":[{
        "vertexColors":false,
        "depthTest":true,
        "shading":"phong",
        "opacity":1,
        "colorDiffuse":[0.64,0.64,0.64],
        "DbgIndex":0,
        "visible":true,
        "DbgName":"Material",
        "wireframe":false,
        "depthWrite":true,
        "colorSpecular":[0.5,0.5,0.5],
        "blending":1,
        "specularCoef":50,
        "doubleSided":false,
        "transparent":false,
        "colorEmissive":[0,0,0],
        "DbgColor":15658734
    }]
}