{
    "influencesPerVertex":2,
    "normals":[-1,0,0,-0,0,-1,1,0,0,0,2.98023e-08,1,0,-1,2.98023e-08,0,1,0,-7.10543e-15,-1,1.19209e-07,1,5.96045e-08,8.34465e-07,-9.93411e-08,-2.98024e-08,1,-1,-1.78814e-07,-5.96047e-07,7.94729e-08,1.19209e-07,-1],
    "vertices":[-3,1.19209e-07,2,-3,4,2,-3,0,-2,-3,4,-2,-1,1.19209e-07,2,-1,4,2,-1,0,-2,-1,4,-2,3,-2.38419e-07,-4,3,0,-2,-3,0,-2,-3,-2.38419e-07,-4,3,4,-4,3,4,-2,-3,4,-2,-3,4,-4],
    "metadata":{
        "generator":"io_three",
        "normals":11,
        "type":"Geometry",
        "vertices":16,
        "uvs":1,
        "colors":0,
        "faces":12,
        "version":3,
        "materials":1
    },
    "uvs":[[0.849664,0.362122,0.51633,0.362123,0.51633,0.0287892,0.849664,0.0287892,0.915769,0.167071,0.878501,0.167071,0.878501,0.129804,0.915769,0.129804,0.365143,0.361483,0.0318099,0.361483,0.0318098,0.0281497,0.365143,0.0281496,0.368533,0.361979,0.368533,0.0286459,0.514279,0.0286458,0.514279,0.361979,0.932584,0.105761,0.874708,0.105761,0.874708,0.0478847,0.932584,0.0478847,0.946653,0.27991,0.946653,0.33207,0.894493,0.33207,0.894493,0.27991,0.786569,0.773548,0.859264,0.773548,0.859265,0.846244,0.786569,0.846244,0.124668,0.870124,0.124668,0.754876,0.239916,0.754876,0.239916,0.870124,0.649174,0.68099,0.350826,0.68099,0.350826,0.382641,0.649174,0.382641,0.0524777,0.68099,0.0524777,0.382641,0.350826,0.382641,0.350826,0.680989,0.947522,0.68099,0.649174,0.68099,0.649174,0.382641,0.947522,0.382641,0.350826,0.68099,0.649174,0.68099,0.649174,0.979338,0.350826,0.979338]],
    "skinWeights":[],
    "colors":[],
    "skinIndices":[],
    "faces":[43,0,1,3,2,0,0,1,2,3,0,0,0,0,43,2,3,7,6,0,4,5,6,7,1,1,1,1,43,6,7,5,4,0,8,9,10,11,2,2,2,2,43,1,0,4,5,0,14,15,12,13,3,3,3,3,43,4,0,2,6,0,18,19,16,17,4,4,4,4,43,7,3,1,5,0,20,21,22,23,5,5,5,5,43,8,9,10,11,0,24,25,26,27,6,6,6,6,43,12,15,14,13,0,28,29,30,31,5,5,5,5,43,8,12,13,9,0,32,33,34,35,7,7,7,7,43,9,13,14,10,0,36,37,38,39,8,8,8,8,43,10,14,15,11,0,40,41,42,43,9,9,9,9,43,12,8,11,15,0,44,45,46,47,10,10,10,10],
    "materials":[{
        "vertexColors":false,
        "depthTest":true,
        "shading":"phong",
        "opacity":1,
        "colorDiffuse":[0.64,0.64,0.64],
        "DbgIndex":0,
        "visible":true,
        "DbgName":"Material",
        "wireframe":false,
        "depthWrite":true,
        "colorSpecular":[0.5,0.5,0.5],
        "blending":1,
        "specularCoef":50,
        "doubleSided":false,
        "transparent":false,
        "colorEmissive":[0,0,0],
        "DbgColor":15658734
    }]
}